<?xml version="1.0" encoding="UTF-8"?>
<project-private xmlns="http://www.netbeans.org/ns/project-private/1">
    <editor-bookmarks xmlns="http://www.netbeans.org/ns/editor-bookmarks/2" lastBookmarkId="0"/>
    <open-files xmlns="http://www.netbeans.org/ns/projectui-open-files/2">
        <group>
            <file>file:/D:/IoTCourse/GitRepository/TestRepository/WebApplication/web/WEB-INF/views/home.jsp</file>
            <file>file:/D:/IoTCourse/GitRepository/TestRepository/WebApplication/src/java/com/mycompany/myapp/HomeController.java</file>
            <file>file:/D:/IoTCourse/GitRepository/TestRepository/WebApplication/web/WEB-INF/applicationContext.xml</file>
            <file>file:/D:/IoTCourse/GitRepository/TestRepository/WebApplication/web/WEB-INF/web.xml</file>
            <file>file:/D:/IoTCourse/GitRepository/TestRepository/WebApplication/web/WEB-INF/dispatcher-servlet.xml</file>
        </group>
    </open-files>
</project-private>
